material_key,horizonte_meses,nombre_modelo,MAE,MAPE,folds,std_mape,evaluation_protocol,dataset_signature,cutoff,real_only
cemento-portland,3,naive_last,10.305044444444446,7.549878637406997,9,9.591393955164769,ex-ante-v2,5a00a534c944ced5e961ec4e5e36593981979ea59fcdb9add136e667d0e293e0,2026-03-31,True
cemento-portland,3,prophet_base,18.475513333831955,13.981005096277725,9,15.877564270919011,ex-ante-v2,5a00a534c944ced5e961ec4e5e36593981979ea59fcdb9add136e667d0e293e0,2026-03-31,True
cemento-portland,3,prophet_ipim_nivel_general,14.170316153262485,10.34823290672682,9,9.142123532688883,ex-ante-v2,5a00a534c944ced5e961ec4e5e36593981979ea59fcdb9add136e667d0e293e0,2026-03-31,True
cemento-portland,3,prophet_ipim_icc_var_materials,14.75572920177401,10.727443403957857,9,9.491313375952819,ex-ante-v2,5a00a534c944ced5e961ec4e5e36593981979ea59fcdb9add136e667d0e293e0,2026-03-31,True
cemento-portland,6,naive_last,19.292550000000002,14.110675871159538,4,15.85925852230812,ex-ante-v2,5a00a534c944ced5e961ec4e5e36593981979ea59fcdb9add136e667d0e293e0,2026-03-31,True
cemento-portland,6,prophet_base,24.37986450268136,18.431974856550045,4,19.218737558660493,ex-ante-v2,5a00a534c944ced5e961ec4e5e36593981979ea59fcdb9add136e667d0e293e0,2026-03-31,True
cemento-portland,6,prophet_ipim_nivel_general,27.517751151500157,19.75324717775701,4,18.303629594486686,ex-ante-v2,5a00a534c944ced5e961ec4e5e36593981979ea59fcdb9add136e667d0e293e0,2026-03-31,True
cemento-portland,6,prophet_ipim_icc_var_materials,26.959659749891294,19.308466143921077,4,19.19660607179724,ex-ante-v2,5a00a534c944ced5e961ec4e5e36593981979ea59fcdb9add136e667d0e293e0,2026-03-31,True
cemento-portland,12,naive_last,38.38600000000001,27.490915171255363,2,17.423873025391845,ex-ante-v2,5a00a534c944ced5e961ec4e5e36593981979ea59fcdb9add136e667d0e293e0,2026-03-31,True
cemento-portland,12,prophet_base,38.85356543584634,28.715586853787208,2,21.120994697868063,ex-ante-v2,5a00a534c944ced5e961ec4e5e36593981979ea59fcdb9add136e667d0e293e0,2026-03-31,True
cemento-portland,12,prophet_ipim_nivel_general,30.005794583277748,20.908169147917363,2,8.068813839594121,ex-ante-v2,5a00a534c944ced5e961ec4e5e36593981979ea59fcdb9add136e667d0e293e0,2026-03-31,True
cemento-portland,12,prophet_ipim_icc_var_materials,40.06498423414018,28.02609156480575,2,14.101167403418945,ex-ante-v2,5a00a534c944ced5e961ec4e5e36593981979ea59fcdb9add136e667d0e293e0,2026-03-31,True
pastina,3,naive_last,131.04777777777775,6.9507161147510805,9,7.41297782472035,ex-ante-v2,b83cd6d603e2498ebc846672967b6c013405eeddf088c238ea34ca56bb4bd70d,2026-03-31,False
pastina,3,prophet_base,324.0241828934283,16.68124650377539,9,12.379834648370956,ex-ante-v2,b83cd6d603e2498ebc846672967b6c013405eeddf088c238ea34ca56bb4bd70d,2026-03-31,False
pastina,3,prophet_ipim_cac_labour_force,199.88028944237405,9.242895637101531,9,3.2895011111638843,ex-ante-v2,b83cd6d603e2498ebc846672967b6c013405eeddf088c238ea34ca56bb4bd70d,2026-03-31,False
pastina,3,prophet_ipim_cac_var_materials,119.07935526802146,5.515976686713623,9,2.796000159832761,ex-ante-v2,b83cd6d603e2498ebc846672967b6c013405eeddf088c238ea34ca56bb4bd70d,2026-03-31,False
pastina,6,naive_last,236.97083333333325,12.69795709541809,4,12.534409480770048,ex-ante-v2,b83cd6d603e2498ebc846672967b6c013405eeddf088c238ea34ca56bb4bd70d,2026-03-31,False
pastina,6,prophet_base,399.4737522025378,20.889819512277818,4,15.281449258677688,ex-ante-v2,b83cd6d603e2498ebc846672967b6c013405eeddf088c238ea34ca56bb4bd70d,2026-03-31,False
pastina,6,prophet_ipim_cac_labour_force,363.29934081644,16.42394429044062,4,9.407481170345,ex-ante-v2,b83cd6d603e2498ebc846672967b6c013405eeddf088c238ea34ca56bb4bd70d,2026-03-31,False
pastina,6,prophet_ipim_cac_var_materials,210.49286952592917,9.746057243200518,4,7.715611408137284,ex-ante-v2,b83cd6d603e2498ebc846672967b6c013405eeddf088c238ea34ca56bb4bd70d,2026-03-31,False
pastina,12,naive_last,448.71083333333326,22.64101029160058,2,19.03015898403676,ex-ante-v2,b83cd6d603e2498ebc846672967b6c013405eeddf088c238ea34ca56bb4bd70d,2026-03-31,False
pastina,12,prophet_base,527.2744545753586,27.00817343627659,2,20.223246342648,ex-ante-v2,b83cd6d603e2498ebc846672967b6c013405eeddf088c238ea34ca56bb4bd70d,2026-03-31,False
pastina,12,prophet_ipim_cac_labour_force,621.5962433382604,26.678291013565953,2,9.602765907002928,ex-ante-v2,b83cd6d603e2498ebc846672967b6c013405eeddf088c238ea34ca56bb4bd70d,2026-03-31,False
pastina,12,prophet_ipim_cac_var_materials,465.1699134175642,21.153910911806346,2,11.036502640026992,ex-ante-v2,b83cd6d603e2498ebc846672967b6c013405eeddf088c238ea34ca56bb4bd70d,2026-03-31,False
membrana-megaflex,3,naive_last,492.5028518518518,8.31088512037498,9,11.925608360999018,ex-ante-v2,aec313e9f8bfdfdf50e3b2800525dafc1e5011c7ca35698c6af9ea5008670de8,2026-03-31,False
membrana-megaflex,3,prophet_base,1364.6361799238368,21.22221835896561,9,16.594681174867294,ex-ante-v2,aec313e9f8bfdfdf50e3b2800525dafc1e5011c7ca35698c6af9ea5008670de8,2026-03-31,False
membrana-megaflex,3,prophet_ipim_icc_var_general,701.5805697555626,10.089419868505006,9,5.427684438109115,ex-ante-v2,aec313e9f8bfdfdf50e3b2800525dafc1e5011c7ca35698c6af9ea5008670de8,2026-03-31,False
membrana-megaflex,3,prophet_ipim_icc_var_materials,592.8420843024327,8.608272584425183,9,5.650473318009483,ex-ante-v2,aec313e9f8bfdfdf50e3b2800525dafc1e5011c7ca35698c6af9ea5008670de8,2026-03-31,False
membrana-megaflex,6,naive_last,1035.9780208333332,16.913138552419785,4,19.027145447522912,ex-ante-v2,aec313e9f8bfdfdf50e3b2800525dafc1e5011c7ca35698c6af9ea5008670de8,2026-03-31,False
membrana-megaflex,6,prophet_base,1623.198678587726,25.74452253930538,4,20.83511545271703,ex-ante-v2,aec313e9f8bfdfdf50e3b2800525dafc1e5011c7ca35698c6af9ea5008670de8,2026-03-31,False
membrana-megaflex,6,prophet_ipim_icc_var_general,1078.1875291089855,15.677815942406228,4,12.236408126841672,ex-ante-v2,aec313e9f8bfdfdf50e3b2800525dafc1e5011c7ca35698c6af9ea5008670de8,2026-03-31,False
membrana-megaflex,6,prophet_ipim_icc_var_materials,964.4237268148306,14.04943193600201,4,11.177605778307965,ex-ante-v2,aec313e9f8bfdfdf50e3b2800525dafc1e5011c7ca35698c6af9ea5008670de8,2026-03-31,False
membrana-megaflex,12,naive_last,2029.6025208333333,30.83382341843191,2,26.084391989768324,ex-ante-v2,aec313e9f8bfdfdf50e3b2800525dafc1e5011c7ca35698c6af9ea5008670de8,2026-03-31,False
membrana-megaflex,12,prophet_base,2203.7229836695024,34.000709067120596,2,27.33568715117741,ex-ante-v2,aec313e9f8bfdfdf50e3b2800525dafc1e5011c7ca35698c6af9ea5008670de8,2026-03-31,False
membrana-megaflex,12,prophet_ipim_icc_var_general,1113.756475496829,15.767522888452191,2,5.311475893925618,ex-ante-v2,aec313e9f8bfdfdf50e3b2800525dafc1e5011c7ca35698c6af9ea5008670de8,2026-03-31,False
membrana-megaflex,12,prophet_ipim_icc_var_materials,1251.77237202698,17.467162662576797,2,5.418745971249149,ex-ante-v2,aec313e9f8bfdfdf50e3b2800525dafc1e5011c7ca35698c6af9ea5008670de8,2026-03-31,False
